<?xml version='1.1' encoding='UTF-8'?>
<project>
  <actions/>
  <description> This is the first job to run</description>
  <keepDependencies>false</keepDependencies>
  <properties/>
  <scm class="hudson.scm.NullSCM"/>
  <canRoam>true</canRoam>
  <disabled>false</disabled>
  <blockBuildWhenDownstreamBuilding>false</blockBuildWhenDownstreamBuilding>
  <blockBuildWhenUpstreamBuilding>false</blockBuildWhenUpstreamBuilding>
  <triggers/>
  <concurrentBuild>false</concurrentBuild>
  <builders>
    <hudson.tasks.BatchFile>
      <command>timeout /t 5 /nobreak&#xd;
exit /B 0&#xd;
</command>
      <configuredLocalRules/>
    </hudson.tasks.BatchFile>
  </builders>
  <publishers>
    <hudson.tasks.BuildTrigger>
      <childProjects>The Second Job</childProjects>
      <threshold>
        <name>SUCCESS</name>
        <ordinal>0</ordinal>
        <color>BLUE</color>
        <completeBuild>true</completeBuild>
      </threshold>
    </hudson.tasks.BuildTrigger>
  </publishers>
  <buildWrappers/>
</project>